{"cameraMode":{"drawMode":0,"name":"Shaded","section":"Shading Mode"},"sceneLighting":true,"audioPlay":false,"sceneViewState":{"m_AlwaysRefresh":false,"showFog":true,"showSkybox":true,"showFlares":true,"showImageEffects":true,"showParticleSystems":true,"showVisualEffectGraphs":true,"m_FxEnabled":true},"in2DMode":false,"pivot":{"x":-42.472862243652347,"y":7.0920000076293949,"z":-9.897432327270508},"rotation":{"x":0.6873649954795837,"y":-0.0019492281135171652,"z":0.0018603026401251555,"w":0.7263791561126709},"size":0.000018473978343536146,"orthographic":false}